{"RuleTriggered": 21, "Violations": 21, "Details": {"algo-2": {"cpu": {"p25": 1.9525000000000001, "p50": 34.0, "p75": 46.769375000000004, "p95": 73.89, "upper": 100.0, "lower": 0.0}, "gpu0": {"p25": 0.0, "p50": 11.0, "p75": 100.0, "p95": 100.0, "upper": 100.0, "lower": 0.0}, "gpu0_memory": {"p25": 0.0, "p50": 7.0, "p75": 59.0, "p95": 73.0, "upper": 82.0, "lower": 0.0}}, "last_timestamp": 1692410520000000}, "Datapoints": 9286, "RuleParameters": "cpu_threshold_p95:70\ngpu_threshold_p95:70\ngpu_memory_threshold_p95:70\npatience:1000\nwindow:500"}