{"RuleTriggered": 1136, "Violations": 1136, "Details": {"algo-2": {"gpu0": {"increase": 6.433333333333334, "gpu_max": 82.0, "p05": 0.0, "p25": 4.0, "p50": 55.0, "p75": 61.0, "p95": 75.0, "upper": 82.0, "lower": 0.0}}, "last_timestamp": 1692415140000000, "algo-1": {"gpu0": {"increase": 6.211111111111116, "gpu_max": 81.0, "p05": 0.0, "p25": 10.0, "p50": 55.0, "p75": 59.0, "p95": 72.0, "upper": 81.0, "lower": 0.0}}}, "Datapoints": 9287, "RuleParameters": "increase:5\npatience:1000\nwindow:10"}