{"RuleTriggered": 0, "Violations": 0, "Details": {"step_num": {"first": 1692410883568194, "last": 1692415199391121}, "job_start": 1692410556.001398, "job_end": 1692415199.501889}, "Datapoints": 6640, "RuleParameters": "threshold:20"}