{"RuleTriggered": 11, "Violations": 124, "Details": {"step_details": {"algo-1-41": {"step_stats": {"mean": 0.19089173814898416, "max": 35.247849, "p99": 0.04714586, "p95": 0.0391639, "p50": 0.030604, "min": 0.026795}, "number_of_outliers": 2, "phase": "Step:ModeKeys.EVAL", "stddev": 2.36, "probs": [106, 106, 95, 66, 25, 11, 13, 8, 3, 3, 2, 1, 1, 0, 0, 0, 0, 0, 0, 0, 0, 0, 0, 0, 0, 0, 0, 0, 0, 0, 0, 0, 0, 0, 0, 0, 0, 0, 0, 0, 0, 0, 0, 0, 0, 0, 0, 0, 0, 0, 0, 0, 0, 0, 0, 0, 0, 0, 0, 0, 0, 0, 0, 0, 0, 0, 0, 0, 0, 0, 0, 0, 0, 0, 0, 0, 0, 0, 0, 0, 0, 0, 0, 0, 0, 0, 0, 0, 0, 0, 0, 0, 0, 0, 0, 0, 0, 0, 0, 1], "binedges": [0.026795, 0.02865974, 0.03052448, 0.032389219999999996, 0.03425396, 0.0361187, 0.03798343999999999, 0.03984818, 0.04171292, 0.04357766, 0.045442399999999994, 0.04730714, 0.049171879999999994, 0.05103661999999999, 0.052901359999999994, 0.0547661, 0.056630839999999995, 0.05849557999999999, 0.060360319999999995, 0.06222505999999999, 0.0640898, 0.06595453999999999, 0.06781928, 0.06968401999999999, 0.07154875999999999, 0.07341349999999999, 0.07527824, 0.07714298, 0.07900771999999999, 0.08087246, 0.08273719999999998, 0.08460193999999999, 0.08646667999999999, 0.08833142, 0.09019615999999998, 0.09206089999999999, 0.09392563999999999, 0.09579038, 0.09765511999999998, 0.09951985999999999, 0.10138459999999999, 0.10324933999999998, 0.10511407999999998, 0.10697881999999999, 0.10884355999999999, 0.11070829999999998, 0.11257303999999999, 0.11443777999999999, 0.11630251999999998, 0.11816725999999998, 0.12003199999999999, 0.12189673999999999, 0.12376147999999998, 0.12562621999999998, 0.12749096, 0.1293557, 0.13122044, 0.13308517999999997, 0.13494992, 0.13681465999999998, 0.13867939999999998, 0.14054413999999998, 0.14240888, 0.14427362, 0.14613835999999997, 0.1480031, 0.14986783999999997, 0.15173257999999998, 0.15359731999999998, 0.15546205999999996, 0.1573268, 0.15919153999999996, 0.16105628, 0.16292101999999997, 0.16478576, 0.16665049999999998, 0.16851523999999996, 0.17037998, 0.17224471999999996, 0.17410946, 0.17597419999999997, 0.17783894, 0.17970367999999998, 0.18156841999999995, 0.18343315999999998, 0.18529789999999996, 0.18716264, 0.18902737999999997, 0.19089212, 0.19275685999999997, 0.19462159999999995, 0.19648633999999998, 0.19835107999999996, 0.20021582, 0.20208055999999996, 0.2039453, 0.20581003999999997, 0.20767477999999995, 0.20953951999999998, 0.21140425999999995, 0.213269], "step_numbers": ["0", "0"]}, "algo-2-41": {"step_stats": {"mean": 0.1323573684210527, "max": 32.479928, "p99": 0.04445413999999994, "p95": 0.039446999999999996, "p50": 0.03052, "min": 0.024456}, "number_of_outliers": 1, "phase": "Step:ModeKeys.EVAL", "stddev": 1.8, "probs": [1, 79, 37, 92, 55, 26, 7, 10, 7, 5, 1, 1, 0, 0, 0, 0, 0, 0, 0, 0, 0, 0, 0, 0, 0, 0, 0, 0, 0, 0, 0, 0, 0, 0, 0, 0, 0, 0, 0, 0, 0, 0, 0, 0, 0, 0, 0, 0, 0, 0, 0, 0, 0, 0, 0, 0, 0, 0, 0, 0, 0, 0, 0, 0, 0, 0, 0, 0, 0, 0, 0, 0, 0, 0, 0, 0, 0, 0, 0, 0, 0, 0, 0, 0, 0, 0, 0, 0, 0, 0, 0, 0, 0, 0, 0, 0, 0, 0, 0, 1], "binedges": [0.024456, 0.026333409999999998, 0.028210819999999998, 0.03008823, 0.03196564, 0.03384305, 0.035720459999999996, 0.03759787, 0.03947528, 0.04135269, 0.043230099999999994, 0.045107509999999996, 0.04698492, 0.048862329999999995, 0.05073974, 0.05261715, 0.05449456, 0.05637197, 0.058249379999999996, 0.06012679, 0.062004199999999995, 0.06388161, 0.06575902, 0.06763643, 0.06951384, 0.07139124999999999, 0.07326866, 0.07514607, 0.07702348, 0.07890089, 0.0807783, 0.08265571, 0.08453311999999999, 0.08641053, 0.08828794000000001, 0.09016535, 0.09204276, 0.09392017, 0.09579758, 0.09767498999999999, 0.09955239999999999, 0.10142981000000001, 0.10330722, 0.10518463, 0.10706204, 0.10893945, 0.11081685999999999, 0.11269426999999999, 0.11457168000000001, 0.11644909, 0.1183265, 0.12020391, 0.12208132, 0.12395872999999999, 0.12583613999999999, 0.12771354999999998, 0.12959096, 0.13146837, 0.13334578, 0.13522319, 0.1371006, 0.13897800999999999, 0.14085541999999998, 0.14273283, 0.14461024, 0.14648765, 0.14836506, 0.15024247, 0.15211988, 0.15399729, 0.1558747, 0.15775211, 0.15962952, 0.16150693, 0.16338434, 0.16526175, 0.16713916, 0.16901657, 0.17089398, 0.17277139, 0.1746488, 0.17652621, 0.17840362, 0.18028103, 0.18215844, 0.18403585, 0.18591326, 0.18779067, 0.18966808, 0.19154549, 0.1934229, 0.19530031, 0.19717772, 0.19905513, 0.20093254, 0.20280995, 0.20468736, 0.20656477, 0.20844218, 0.21031959, 0.212197], "step_numbers": ["0"]}}, "ratio": {}, "phase": {"Step:ModeKeys.TRAIN": 100.0}, "phase_time": {}, "general": {"Forward": 100.0}}, "Datapoints": 6640, "RuleParameters": "threshold:3\nmode:None\nn_outliers:10\nstddev:3"}